Workbook

Sheet Projects
A1: Title | B1: Department | C1: Division | D1: Field | E1: Description | F1: Status | G1: Due Date
A2: מפת דרכים אחת לסרטוני בטיחות ב-LTX Desktop | B2: בטיחות והדרכה | C2: מודעות, מניעת סיכונים ותשתית וידאו | D2: יצירת סרטוני בטיחות לצמצום מפגעים והגברת מודעות | E2: גאנט יחיד המבוסס על קומיטים מ-2026-03-05 עד 2026-06-24, וממשיך עד ספטמבר לטובת פיילוט, הטמעה ואישור מנהלים. | F2: In Progress | G2: 2026-09-30

Sheet Goals
A1: Project | B1: Milestone | C1: Date | D1: Progress (%) | E1: Status
A2: =Projects!$A$2 -> מפת דרכים אחת לסרטוני בטיחות ב-LTX Desktop | B2: אב טיפוס ראשון לסרטון בטיחות מוכן | C2: 2026-03-05 | D2: 100 | E2: completed
A3: =Projects!$A$2 -> מפת דרכים אחת לסרטוני בטיחות ב-LTX Desktop | B3: ניהול נכסי וידאו ותפעול דסקטופ יציבים | C3: 2026-03-11 | D3: 100 | E3: completed
A4: =Projects!$A$2 -> מפת דרכים אחת לסרטוני בטיחות ב-LTX Desktop | B4: תמיכה בהפצה רחבה ואייר-גאפ | C4: 2026-03-22 | D4: 100 | E4: completed
A5: =Projects!$A$2 -> מפת דרכים אחת לסרטוני בטיחות ב-LTX Desktop | B5: שיפור יצירה, גלריה וזרימות מתקדמות מוכנים | C5: 2026-06-24 | D5: 100 | E5: completed
A6: =Projects!$A$2 -> מפת דרכים אחת לסרטוני בטיחות ב-LTX Desktop | B6: אישור מנהלים להטמעת סרטוני בטיחות | C6: 2026-09-30 | D6: 0 | E6: pending

Sheet Gantt
A1: Task ID | B1: Project | C1: Task Name | D1: Start Date | E1: Duration (Days) | F1: Progress (%) | G1: Status | H1: Milestone | I1: Resource | J1: PRED
A2: 1 | B2: =Projects!$A$2 -> מפת דרכים אחת לסרטוני בטיחות ב-LTX Desktop | C2: מסלול עסקי: יצירת סרטוני בטיחות | D2: 2026-03-05 | E2: 151 | F2: 45 | G2: In Progress | H2: No | I2: אחראי מוצר
A3: 1.1 | B3: =Projects!$A$2 -> מפת דרכים אחת לסרטוני בטיחות ב-LTX Desktop | C3: יסודות יצירת סרטוני בטיחות | D3: 2026-03-05 | E3: 3 | F3: 100 | G3: Completed | H3: No | I3: אחראי מוצר
A4: 1.1.1 | B4: =Projects!$A$2 -> מפת דרכים אחת לסרטוני בטיחות ב-LTX Desktop | C4: הגדרת תהליך יצירת סרטון בטיחות | D4: 2026-03-05 | E4: 1 | F4: 100 | G4: Completed | H4: No | I4: אחראי מוצר
A5: 1.1.2 | B5: =Projects!$A$2 -> מפת דרכים אחת לסרטוני בטיחות ב-LTX Desktop | C5: תמיכה בווידאו אנכי להדרכות במסכים ובטלפון | D5: 2026-03-05 | E5: 1 | F5: 100 | G5: Completed | H5: No | I5: צוות יצירת וידאו | J5: 1.1.1
A6: 1.1.3 | B6: =Projects!$A$2 -> מפת דרכים אחת לסרטוני בטיחות ב-LTX Desktop | C6: בחירה בין יצירה מקומית לבין יצירה דרך API | D6: 2026-03-05 | E6: 1 | F6: 100 | G6: Completed | H6: No | I6: צוות אפליקציה | J6: 1.1.2
A7: 1.1.4 | B7: =Projects!$A$2 -> מפת דרכים אחת לסרטוני בטיחות ב-LTX Desktop | C7: אפשרות ליצירת גרסה חוזרת לסרטון שלא מספיק ברור | D7: 2026-03-05 | E7: 1 | F7: 100 | G7: Completed | H7: No | I7: אחראי תוכן בטיחות | J7: 1.1.3
A8: 1.1.5 | B8: =Projects!$A$2 -> מפת דרכים אחת לסרטוני בטיחות ב-LTX Desktop | C8: אבן דרך: אב טיפוס ראשון לסרטון בטיחות | D8: 2026-03-05 | E8: 0 | F8: 100 | G8: Completed | H8: Yes | I8: אחראי מוצר | J8: 1.1.4
A9: 1.2 | B9: =Projects!$A$2 -> מפת דרכים אחת לסרטוני בטיחות ב-LTX Desktop | C9: שיפור חוויית יצירה למשתמשי בטיחות | D9: 2026-03-05 | E9: 5 | F9: 100 | G9: Completed | H9: No | I9: צוות אפליקציה | J9: 1.1.5
A10: 1.2.1 | B10: =Projects!$A$2 -> מפת דרכים אחת לסרטוני בטיחות ב-LTX Desktop | C10: הצגת סטטוס יצירה פשוט וברור | D10: 2026-03-05 | E10: 1 | F10: 100 | G10: Completed | H10: No | I10: צוות אפליקציה | J10: 1.1.5
A11: 1.2.2 | B11: =Projects!$A$2 -> מפת דרכים אחת לסרטוני בטיחות ב-LTX Desktop | C11: הסרת מידע טכני שמבלבל משתמשים עסקיים | D11: 2026-03-05 | E11: 1 | F11: 100 | G11: Completed | H11: No | I11: אחראי מוצר | J11: 1.2.1
A12: 1.2.3 | B12: =Projects!$A$2 -> מפת דרכים אחת לסרטוני בטיחות ב-LTX Desktop | C12: הצגת מידע על מפתח API חינמי ליצירת וידאו | D12: 2026-03-05 | E12: 1 | F12: 100 | G12: Completed | H12: No | I12: אחראי מוצר | J12: 1.2.2
A13: 1.2.4 | B13: =Projects!$A$2 -> מפת דרכים אחת לסרטוני בטיחות ב-LTX Desktop | C13: עדכון מסלולי מודל הווידאו לגרסה עדכנית | D13: 2026-03-05 | E13: 1 | F13: 100 | G13: Completed | H13: No | I13: צוות יצירת וידאו | J13: 1.2.3
A14: 1.2.5 | B14: =Projects!$A$2 -> מפת דרכים אחת לסרטוני בטיחות ב-LTX Desktop | C14: אבן דרך: תהליך יצירת וידאו ברור למשתמש | D14: 2026-03-05 | E14: 0 | F14: 100 | G14: Completed | H14: Yes | I14: אחראי מוצר | J14: 1.2.4
A15: 1.3 | B15: =Projects!$A$2 -> מפת דרכים אחת לסרטוני בטיחות ב-LTX Desktop | C15: ניהול תוצרי וידאו ותיקיות עבודה | D15: 2026-03-07 | E15: 6 | F15: 100 | G15: Completed | H15: No | I15: רכז הטמעה | J15: 1.2.5
A16: 1.3.1 | B16: =Projects!$A$2 -> מפת דרכים אחת לסרטוני בטיחות ב-LTX Desktop | C16: שמירת תוצרים בתיקיית האפליקציה | D16: 2026-03-07 | E16: 1 | F16: 100 | G16: Completed | H16: No | I16: צוות אפליקציה | J16: 1.2.5
... A40: 1.6.6 | B40: =Projects!$A$2 -> מפת דרכים אחת לסרטוני בטיחות ב-LTX Desktop | C40: אבן דרך: אישור מנהלים להטמעת סרטוני בטיחות | D40: 2026-09-30 | E40: 0 | F40: 0 | G40: Pending | H40: Yes | I40: אחראי מוצר | J40: 1.6.5
A41: 2 | B41: =Projects!$A$2 -> מפת דרכים אחת לסרטוני בטיחות ב-LTX Desktop | C41: מסלול תשתיתי: פלטפורמת יצירה שולחנית | D41: 2026-03-05 | E41: 151 | F41: 45 | G41: In Progress | H41: No | I41: אחראי פלטפורמה
A42: 2.1 | B42: =Projects!$A$2 -> מפת דרכים אחת לסרטוני בטיחות ב-LTX Desktop | C42: יסודות מנוע יצירת הווידאו | D42: 2026-03-05 | E42: 4 | F42: 100 | G42: Completed | H42: No | I42: צוות Backend ו-AI
A43: 2.1.1 | B43: =Projects!$A$2 -> מפת דרכים אחת לסרטוני בטיחות ב-LTX Desktop | C43: התאמת דרישות זיכרון GPU למחשבי עבודה | D43: 2026-03-05 | E43: 1 | F43: 100 | G43: Completed | H43: No | I43: צוות Backend ו-AI
A44: 2.1.2 | B44: =Projects!$A$2 -> מפת דרכים אחת לסרטוני בטיחות ב-LTX Desktop | C44: ניקוי שגיאות בדיקות ופיתוח | D44: 2026-03-05 | E44: 1 | F44: 100 | G44: Completed | H44: No | I44: צוות Backend ו-AI | J44: 2.1.1
A45: 2.1.3 | B45: =Projects!$A$2 -> מפת דרכים אחת לסרטוני בטיחות ב-LTX Desktop | C45: ייצוב הורדת מודלים והתקדמות הורדה | D45: 2026-03-05 | E45: 1 | F45: 100 | G45: Completed | H45: No | I45: צוות Backend ו-AI | J45: 2.1.2
A46: 2.1.4 | B46: =Projects!$A$2 -> מפת דרכים אחת לסרטוני בטיחות ב-LTX Desktop | C46: צמצום מסלולים לא נחוצים כדי להפחית סיכון | D46: 2026-03-05 | E46: 1 | F46: 100 | G46: Completed | H46: No | I46: אחראי פלטפורמה | J46: 2.1.3
A47: 2.1.5 | B47: =Projects!$A$2 -> מפת דרכים אחת לסרטוני בטיחות ב-LTX Desktop | C47: תיקון עומסי זיכרון ביצירת גרסאות חוזרות | D47: 2026-03-05 | E47: 1 | F47: 100 | G47: Completed | H47: No | I47: צוות Backend ו-AI | J47: 2.1.4
A48: 2.1.6 | B48: =Projects!$A$2 -> מפת דרכים אחת לסרטוני בטיחות ב-LTX Desktop | C48: אבן דרך: מנוע וידאו יציב לגרסה ראשונה | D48: 2026-03-05 | E48: 0 | F48: 100 | G48: Completed | H48: Yes | I48: אחראי פלטפורמה | J48: 2.1.5
A49: 2.2 | B49: =Projects!$A$2 -> מפת דרכים אחת לסרטוני בטיחות ב-LTX Desktop | C49: יציבות אפליקציית הדסקטופ | D49: 2026-03-07 | E49: 6 | F49: 100 | G49: Completed | H49: No | I49: צוות דסקטופ | J49: 2.1.6
A50: 2.2.1 | B50: =Projects!$A$2 -> מפת דרכים אחת לסרטוני בטיחות ב-LTX Desktop | C50: שמירת תוצרים במיקום אפליקציה מסודר | D50: 2026-03-07 | E50: 1 | F50: 100 | G50: Completed | H50: No | I50: צוות דסקטופ | J50: 2.1.6
A51: 2.2.2 | B51: =Projects!$A$2 -> מפת דרכים אחת לסרטוני בטיחות ב-LTX Desktop | C51: הזרמת לוגים של השרת לאפליקציה | D51: 2026-03-08 | E51: 1 | F51: 100 | G51: Completed | H51: No | I51: צוות דסקטופ | J51: 2.2.1
A52: 2.2.3 | B52: =Projects!$A$2 -> מפת דרכים אחת לסרטוני בטיחות ב-LTX Desktop | C52: בידוד Python ארוז מתלויות המחשב | D52: 2026-03-08 | E52: 1 | F52: 100 | G52: Completed | H52: No | I52: צוות דסקטופ | J52: 2.2.2
A53: 2.2.4 | B53: =Projects!$A$2 -> מפת דרכים אחת לסרטוני בטיחות ב-LTX Desktop | C53: מניעת התנגשויות פורטים והוספת אימות | D53: 2026-03-09 | E53: 1 | F53: 100 | G53: Completed | H53: No | I53: צוות Backend ו-AI | J53: 2.2.3
A54: 2.2.5 | B54: =Projects!$A$2 -> מפת דרכים אחת לסרטוני בטיחות ב-LTX Desktop | C54: תיעוד גרסת האפליקציה לצורך תמיכה | D54: 2026-03-11 | E54: 1 | F54: 100 | G54: Completed | H54: No | I54: צוות דסקטופ | J54: 2.2.4
A55: 2.2.6 | B55: =Projects!$A$2 -> מפת דרכים אחת לסרטוני בטיחות ב-LTX Desktop | C55: אבן דרך: דסקטופ יציב לסביבת עבודה | D55: 2026-03-11 | E55: 0 | F55: 100 | G55: Completed | H55: Yes | I55: אחראי פלטפורמה | J55: 2.2.5
... A80: 2.6.6 | B80: =Projects!$A$2 -> מפת דרכים אחת לסרטוני בטיחות ב-LTX Desktop | C80: אבן דרך: פלטפורמה מאושרת לשימוש ארגוני | D80: 2026-09-30 | E80: 0 | F80: 0 | G80: Pending | H80: Yes | I80: אחראי מוצר | J80: 2.6.5

Sheet Resources
A1: Project | B1: Name | C1: Role | D1: Color | E1: Capacity (%)
A2: =Projects!$A$2 -> מפת דרכים אחת לסרטוני בטיחות ב-LTX Desktop | B2: אחראי מוצר | C2: מנהל מוצר בטיחות | D2: #D93A3A | E2: 100
A3: =Projects!$A$2 -> מפת דרכים אחת לסרטוני בטיחות ב-LTX Desktop | B3: אחראי תוכן בטיחות | C3: מוביל תוכן בטיחות | D3: #2563EB | E3: 100
A4: =Projects!$A$2 -> מפת דרכים אחת לסרטוני בטיחות ב-LTX Desktop | B4: צוות יצירת וידאו | C4: מומחה וידאו AI | D4: #059669 | E4: 100
A5: =Projects!$A$2 -> מפת דרכים אחת לסרטוני בטיחות ב-LTX Desktop | B5: צוות אפליקציה | C5: מפתח אפליקציה | D5: #7C3AED | E5: 100
A6: =Projects!$A$2 -> מפת דרכים אחת לסרטוני בטיחות ב-LTX Desktop | B6: רכז הטמעה | C6: מוביל בדיקות והטמעה | D6: #EA580C | E6: 100
A7: =Projects!$A$2 -> מפת דרכים אחת לסרטוני בטיחות ב-LTX Desktop | B7: אחראי פלטפורמה | C7: מוביל פלטפורמה | D7: #2563EB | E7: 100
A8: =Projects!$A$2 -> מפת דרכים אחת לסרטוני בטיחות ב-LTX Desktop | B8: צוות דסקטופ | C8: מפתח דסקטופ | D8: #059669 | E8: 100
A9: =Projects!$A$2 -> מפת דרכים אחת לסרטוני בטיחות ב-LTX Desktop | B9: צוות Backend ו-AI | C9: מפתח Backend ו-AI | D9: #7C3AED | E9: 100
A10: =Projects!$A$2 -> מפת דרכים אחת לסרטוני בטיחות ב-LTX Desktop | B10: צוות הפצה | C10: מוביל DevOps והפצה | D10: #EA580C | E10: 100

Sheet Roles
A1: Project | B1: Name | C1: Budget | D1: Paid By | E1: Currency
A2: =Projects!$A$2 -> מפת דרכים אחת לסרטוני בטיחות ב-LTX Desktop | B2: מנהל מוצר בטיחות | C2: 0 | D2: monthly | E2: ILS
A3: =Projects!$A$2 -> מפת דרכים אחת לסרטוני בטיחות ב-LTX Desktop | B3: מוביל תוכן בטיחות | C3: 0 | D3: monthly | E3: ILS
A4: =Projects!$A$2 -> מפת דרכים אחת לסרטוני בטיחות ב-LTX Desktop | B4: מומחה וידאו AI | C4: 0 | D4: monthly | E4: ILS
A5: =Projects!$A$2 -> מפת דרכים אחת לסרטוני בטיחות ב-LTX Desktop | B5: מפתח אפליקציה | C5: 0 | D5: monthly | E5: ILS
A6: =Projects!$A$2 -> מפת דרכים אחת לסרטוני בטיחות ב-LTX Desktop | B6: מוביל בדיקות והטמעה | C6: 0 | D6: monthly | E6: ILS
A7: =Projects!$A$2 -> מפת דרכים אחת לסרטוני בטיחות ב-LTX Desktop | B7: מנהל מוצר | C7: 0 | D7: monthly | E7: ILS
A8: =Projects!$A$2 -> מפת דרכים אחת לסרטוני בטיחות ב-LTX Desktop | B8: מוביל פלטפורמה | C8: 0 | D8: monthly | E8: ILS
A9: =Projects!$A$2 -> מפת דרכים אחת לסרטוני בטיחות ב-LTX Desktop | B9: מפתח דסקטופ | C9: 0 | D9: monthly | E9: ILS
A10: =Projects!$A$2 -> מפת דרכים אחת לסרטוני בטיחות ב-LTX Desktop | B10: מפתח Backend ו-AI | C10: 0 | D10: monthly | E10: ILS
A11: =Projects!$A$2 -> מפת דרכים אחת לסרטוני בטיחות ב-LTX Desktop | B11: מוביל DevOps והפצה | C11: 0 | D11: monthly | E11: ILS
